
/*

Tablas incluidas en el backup:
	logs_horarios
	logs_personal
    lst_estados
    lst_novedades
    lst_puestos
    lst_turnos
    tbl_horarios
    tbl_novedades
    tbl_personal

*/


-- MySQL dump 10.13  Distrib 8.0.30, for Win64 (x86_64)
--
-- Host: localhost    Database: horarios
-- ------------------------------------------------------
-- Server version	8.0.30

/*!40101 SET @OLD_CHARACTER_SET_CLIENT=@@CHARACTER_SET_CLIENT */;
/*!40101 SET @OLD_CHARACTER_SET_RESULTS=@@CHARACTER_SET_RESULTS */;
/*!40101 SET @OLD_COLLATION_CONNECTION=@@COLLATION_CONNECTION */;
/*!50503 SET NAMES utf8 */;
/*!40103 SET @OLD_TIME_ZONE=@@TIME_ZONE */;
/*!40103 SET TIME_ZONE='+00:00' */;
/*!40014 SET @OLD_UNIQUE_CHECKS=@@UNIQUE_CHECKS, UNIQUE_CHECKS=0 */;
/*!40014 SET @OLD_FOREIGN_KEY_CHECKS=@@FOREIGN_KEY_CHECKS, FOREIGN_KEY_CHECKS=0 */;
/*!40101 SET @OLD_SQL_MODE=@@SQL_MODE, SQL_MODE='NO_AUTO_VALUE_ON_ZERO' */;
/*!40111 SET @OLD_SQL_NOTES=@@SQL_NOTES, SQL_NOTES=0 */;

--
-- Table structure for table `logs_horarios`
--

DROP TABLE IF EXISTS `logs_horarios`;
/*!40101 SET @saved_cs_client     = @@character_set_client */;
/*!50503 SET character_set_client = utf8mb4 */;
CREATE TABLE `logs_horarios` (
  `id_logs_horarios` int unsigned NOT NULL AUTO_INCREMENT,
  `fecha` date NOT NULL,
  `hora` time NOT NULL,
  `usuario` varchar(45) NOT NULL,
  `detalle` varchar(150) NOT NULL,
  PRIMARY KEY (`id_logs_horarios`)
) ENGINE=InnoDB AUTO_INCREMENT=2 DEFAULT CHARSET=utf8mb4 COLLATE=utf8mb4_0900_ai_ci;
/*!40101 SET character_set_client = @saved_cs_client */;

--
-- Dumping data for table `logs_horarios`
--

LOCK TABLES `logs_horarios` WRITE;
/*!40000 ALTER TABLE `logs_horarios` DISABLE KEYS */;
INSERT INTO `logs_horarios` VALUES (1,'2022-10-25','14:03:33','root@localhost','Eliminó el turno 1 a 29108743');
/*!40000 ALTER TABLE `logs_horarios` ENABLE KEYS */;
UNLOCK TABLES;

--
-- Table structure for table `logs_personal`
--

DROP TABLE IF EXISTS `logs_personal`;
/*!40101 SET @saved_cs_client     = @@character_set_client */;
/*!50503 SET character_set_client = utf8mb4 */;
CREATE TABLE `logs_personal` (
  `id_logs_personal` int unsigned NOT NULL AUTO_INCREMENT,
  `fecha` date NOT NULL,
  `hora` time NOT NULL,
  `usuario` varchar(45) NOT NULL,
  `datos_viejos` varchar(350) NOT NULL,
  `datos_nuevos` varchar(350) NOT NULL,
  `detalle` varchar(150) NOT NULL,
  PRIMARY KEY (`id_logs_personal`)
) ENGINE=InnoDB AUTO_INCREMENT=5 DEFAULT CHARSET=utf8mb4 COLLATE=utf8mb4_0900_ai_ci;
/*!40101 SET character_set_client = @saved_cs_client */;

--
-- Dumping data for table `logs_personal`
--

LOCK TABLES `logs_personal` WRITE;
/*!40000 ALTER TABLE `logs_personal` DISABLE KEYS */;
INSERT INTO `logs_personal` VALUES (1,'2022-10-11','11:22:23','root@localhost','Estado: 1. Legajo: 29602443. Nombre: Melisa. Apellido: Fernández. CUIL: 20-35351569-2. Género: 2. Puesto: 1. Fecha de ingreso: 2016-02-15','Estado: 1. Legajo: 29602443. Nombre: ñoso. Apellido: Fernández. CUIL: 20-35351569-2. Género: 2. Puesto: 1. Fecha de ingreso: 2016-02-15','Actualizó los datos del registro 4'),(2,'2022-10-11','11:23:35','root@localhost','Estado: 1. Legajo: 29602443. Nombre: ñoso. Apellido: Fernández. CUIL: 20-35351569-2. Género: 2. Puesto: 1. Fecha de ingreso: 2016-02-15','Estado: 1. Legajo: 29602443. Nombre: Melisa. Apellido: Fernández. CUIL: 20-35351569-2. Género: 2. Puesto: 1. Fecha de ingreso: 2016-02-15','Actualizó los datos del registro 4'),(3,'2022-10-11','11:26:15','root@localhost','','Estado: 1. Legajo: 444545. Nombre: Lorenzo. Apellido: Gutierrez. CUIL: 20-44235078-6. Género: 1. Puesto: 1. Fecha de ingreso: 2022-09-21','Agregó un nuevo empleado bajo el registro 0');
/*!40000 ALTER TABLE `logs_personal` ENABLE KEYS */;
UNLOCK TABLES;

--
-- Table structure for table `lst_estados`
--

DROP TABLE IF EXISTS `lst_estados`;
/*!40101 SET @saved_cs_client     = @@character_set_client */;
/*!50503 SET character_set_client = utf8mb4 */;
CREATE TABLE `lst_estados` (
  `id_estado` tinyint unsigned NOT NULL AUTO_INCREMENT,
  `estado` varchar(150) NOT NULL,
  PRIMARY KEY (`id_estado`),
  UNIQUE KEY `id_estado` (`id_estado`)
) ENGINE=InnoDB AUTO_INCREMENT=5 DEFAULT CHARSET=utf8mb4 COLLATE=utf8mb4_0900_ai_ci;
/*!40101 SET character_set_client = @saved_cs_client */;

--
-- Dumping data for table `lst_estados`
--

LOCK TABLES `lst_estados` WRITE;
/*!40000 ALTER TABLE `lst_estados` DISABLE KEYS */;
INSERT INTO `lst_estados` VALUES (1,'Activo'),(2,'Inactivo'),(3,'Trasladado'),(4,'Desvinculado');
/*!40000 ALTER TABLE `lst_estados` ENABLE KEYS */;
UNLOCK TABLES;

--
-- Table structure for table `lst_generos`
--

DROP TABLE IF EXISTS `lst_generos`;
/*!40101 SET @saved_cs_client     = @@character_set_client */;
/*!50503 SET character_set_client = utf8mb4 */;
CREATE TABLE `lst_generos` (
  `id_genero` tinyint unsigned NOT NULL AUTO_INCREMENT,
  `genero` varchar(150) NOT NULL,
  PRIMARY KEY (`id_genero`),
  UNIQUE KEY `id_genero` (`id_genero`)
) ENGINE=InnoDB AUTO_INCREMENT=3 DEFAULT CHARSET=utf8mb4 COLLATE=utf8mb4_0900_ai_ci;
/*!40101 SET character_set_client = @saved_cs_client */;

--
-- Dumping data for table `lst_generos`
--

LOCK TABLES `lst_generos` WRITE;
/*!40000 ALTER TABLE `lst_generos` DISABLE KEYS */;
INSERT INTO `lst_generos` VALUES (1,'Hombre'),(2,'Mujer');
/*!40000 ALTER TABLE `lst_generos` ENABLE KEYS */;
UNLOCK TABLES;

--
-- Table structure for table `lst_novedades`
--

DROP TABLE IF EXISTS `lst_novedades`;
/*!40101 SET @saved_cs_client     = @@character_set_client */;
/*!50503 SET character_set_client = utf8mb4 */;
CREATE TABLE `lst_novedades` (
  `id_novedad` tinyint unsigned NOT NULL AUTO_INCREMENT,
  `novedad` varchar(150) NOT NULL,
  PRIMARY KEY (`id_novedad`),
  UNIQUE KEY `id_novedad` (`id_novedad`)
) ENGINE=InnoDB AUTO_INCREMENT=7 DEFAULT CHARSET=utf8mb4 COLLATE=utf8mb4_0900_ai_ci;
/*!40101 SET character_set_client = @saved_cs_client */;

--
-- Dumping data for table `lst_novedades`
--

LOCK TABLES `lst_novedades` WRITE;
/*!40000 ALTER TABLE `lst_novedades` DISABLE KEYS */;
INSERT INTO `lst_novedades` VALUES (1,'Llegada tarde'),(2,'Licencia con justificativo'),(3,'Ausencia sin justificativo'),(4,'Categoría superior'),(5,'Franco trabajado'),(6,'Día de estudio');
/*!40000 ALTER TABLE `lst_novedades` ENABLE KEYS */;
UNLOCK TABLES;

--
-- Table structure for table `lst_puestos`
--

DROP TABLE IF EXISTS `lst_puestos`;
/*!40101 SET @saved_cs_client     = @@character_set_client */;
/*!50503 SET character_set_client = utf8mb4 */;
CREATE TABLE `lst_puestos` (
  `id_puesto` tinyint unsigned NOT NULL AUTO_INCREMENT,
  `puesto` varchar(150) NOT NULL,
  PRIMARY KEY (`id_puesto`),
  UNIQUE KEY `id_puesto` (`id_puesto`)
) ENGINE=InnoDB AUTO_INCREMENT=7 DEFAULT CHARSET=utf8mb4 COLLATE=utf8mb4_0900_ai_ci;
/*!40101 SET character_set_client = @saved_cs_client */;

--
-- Dumping data for table `lst_puestos`
--

LOCK TABLES `lst_puestos` WRITE;
/*!40000 ALTER TABLE `lst_puestos` DISABLE KEYS */;
INSERT INTO `lst_puestos` VALUES (1,'Cajero/a'),(2,'Repositor/a'),(3,'Vendedor/a de Playa'),(4,'Coordinador/a Adiminstrativo/a'),(5,'Supervisor/a'),(6,'Administrador/a');
/*!40000 ALTER TABLE `lst_puestos` ENABLE KEYS */;
UNLOCK TABLES;

--
-- Table structure for table `lst_turnos`
--

DROP TABLE IF EXISTS `lst_turnos`;
/*!40101 SET @saved_cs_client     = @@character_set_client */;
/*!50503 SET character_set_client = utf8mb4 */;
CREATE TABLE `lst_turnos` (
  `id_turno` tinyint unsigned NOT NULL AUTO_INCREMENT,
  `turno` varchar(3) NOT NULL,
  `detalle` varchar(250) NOT NULL,
  PRIMARY KEY (`id_turno`),
  UNIQUE KEY `id_turno` (`id_turno`)
) ENGINE=InnoDB AUTO_INCREMENT=9 DEFAULT CHARSET=utf8mb4 COLLATE=utf8mb4_0900_ai_ci;
/*!40101 SET character_set_client = @saved_cs_client */;

--
-- Dumping data for table `lst_turnos`
--

LOCK TABLES `lst_turnos` WRITE;
/*!40000 ALTER TABLE `lst_turnos` DISABLE KEYS */;
INSERT INTO `lst_turnos` VALUES (1,'N','Turno noche: 22 a 06 hs.'),(2,'M','Turno mañana: 06 a 14 hs.'),(3,'T','Turno tarde: 14 a 22 hs.'),(4,'I','Turno intermedio: 10 a 18 hs.'),(5,'F','Franco'),(6,'V','Vacaciones'),(7,'L','Licencia con justificativo'),(8,'A','Ausencia sin justificativo');
/*!40000 ALTER TABLE `lst_turnos` ENABLE KEYS */;
UNLOCK TABLES;

--
-- Table structure for table `tbl_horarios`
--

DROP TABLE IF EXISTS `tbl_horarios`;
/*!40101 SET @saved_cs_client     = @@character_set_client */;
/*!50503 SET character_set_client = utf8mb4 */;
CREATE TABLE `tbl_horarios` (
  `id_tbl_hor` bigint unsigned NOT NULL AUTO_INCREMENT,
  `id_turno` tinyint unsigned NOT NULL,
  `legajo` int NOT NULL,
  `fecha` date NOT NULL,
  `detalle` varchar(150) DEFAULT NULL,
  PRIMARY KEY (`id_tbl_hor`),
  UNIQUE KEY `id_tbl_hor` (`id_tbl_hor`),
  KEY `fk_legajo_hor` (`legajo`),
  KEY `fk_turno` (`id_turno`),
  CONSTRAINT `fk_legajo_hor` FOREIGN KEY (`legajo`) REFERENCES `tbl_personal` (`legajo`),
  CONSTRAINT `fk_turno` FOREIGN KEY (`id_turno`) REFERENCES `lst_turnos` (`id_turno`)
) ENGINE=InnoDB AUTO_INCREMENT=916 DEFAULT CHARSET=utf8mb4 COLLATE=utf8mb4_0900_ai_ci;
/*!40101 SET character_set_client = @saved_cs_client */;

--
-- Dumping data for table `tbl_horarios`
--

LOCK TABLES `tbl_horarios` WRITE;
/*!40000 ALTER TABLE `tbl_horarios` DISABLE KEYS */;
INSERT INTO `tbl_horarios` VALUES (2,1,29108743,'2022-03-02',''),(3,1,29108743,'2022-03-03',''),(4,1,29108743,'2022-03-04',''),(5,1,29108743,'2022-03-05',''),(6,5,29108743,'2022-03-06',''),(7,1,29108743,'2022-03-07',''),(8,1,29108743,'2022-03-08',''),(9,1,29108743,'2022-03-09',''),(10,1,29108743,'2022-03-10',''),(11,1,29108743,'2022-03-11',''),(12,1,29108743,'2022-03-12',''),(13,5,29108743,'2022-03-13',''),(14,1,29108743,'2022-03-14',''),(15,1,29108743,'2022-03-15',''),(16,1,29108743,'2022-03-16',''),(17,1,29108743,'2022-03-17',''),(18,1,29108743,'2022-03-18',''),(19,1,29108743,'2022-03-19',''),(20,5,29108743,'2022-03-20',''),(21,1,29108743,'2022-03-21',''),(22,1,29108743,'2022-03-22',''),(23,1,29108743,'2022-03-23',''),(24,1,29108743,'2022-03-24',''),(25,1,29108743,'2022-03-25',''),(26,1,29108743,'2022-03-26',''),(27,5,29108743,'2022-03-27',''),(28,1,29108743,'2022-03-28',''),(29,1,29108743,'2022-03-29',''),(30,1,29108743,'2022-03-30',''),(31,1,29108743,'2022-03-31',''),(32,1,29108743,'2022-04-01',''),(33,1,29108743,'2022-04-02',''),(34,5,29108743,'2022-04-03',''),(35,1,29108743,'2022-04-04',''),(36,1,29108743,'2022-04-05',''),(37,1,29108743,'2022-04-06',''),(38,1,29108743,'2022-04-07',''),(39,1,29108743,'2022-04-08',''),(40,1,29108743,'2022-04-09',''),(41,5,29108743,'2022-04-10',''),(42,1,29108743,'2022-04-11',''),(43,1,29108743,'2022-04-12',''),(44,1,29108743,'2022-04-13',''),(45,1,29108743,'2022-04-14',''),(46,1,29108743,'2022-04-15',''),(47,1,29108743,'2022-04-16',''),(48,5,29108743,'2022-04-17',''),(49,1,29108743,'2022-04-18',''),(50,1,29108743,'2022-04-19',''),(51,1,29108743,'2022-04-20',''),(52,1,29108743,'2022-04-21',''),(53,1,29108743,'2022-04-22',''),(54,1,29108743,'2022-04-23',''),(55,5,29108743,'2022-04-24',''),(56,1,29108743,'2022-04-25',''),(57,1,29108743,'2022-04-26',''),(58,1,29108743,'2022-04-27',''),(59,1,29108743,'2022-04-28',''),(60,1,29108743,'2022-04-29',''),(61,1,29108743,'2022-04-30',''),(62,2,29602443,'2022-03-01',''),(63,2,29602443,'2022-03-02',''),(64,2,29602443,'2022-03-03',''),(65,2,29602443,'2022-03-04',''),(66,2,29602443,'2022-03-05',''),(67,2,29602443,'2022-03-06',''),(68,5,29602443,'2022-03-07',''),(69,2,29602443,'2022-03-08',''),(70,2,29602443,'2022-03-09',''),(71,2,29602443,'2022-03-10',''),(72,2,29602443,'2022-03-11',''),(73,2,29602443,'2022-03-12',''),(74,2,29602443,'2022-03-13',''),(75,5,29602443,'2022-03-14',''),(76,2,29602443,'2022-03-15',''),(77,2,29602443,'2022-03-16',''),(78,2,29602443,'2022-03-17',''),(79,2,29602443,'2022-03-18',''),(80,5,29602443,'2022-03-19',''),(81,2,29602443,'2022-03-20',''),(82,2,29602443,'2022-03-21',''),(83,2,29602443,'2022-03-22',''),(84,2,29602443,'2022-03-23',''),(85,2,29602443,'2022-03-24',''),(86,2,29602443,'2022-03-25',''),(87,2,29602443,'2022-03-26',''),(88,2,29602443,'2022-03-27',''),(89,5,29602443,'2022-03-28',''),(90,2,29602443,'2022-03-29',''),(91,2,29602443,'2022-03-30',''),(92,2,29602443,'2022-03-31',''),(93,2,29602443,'2022-04-01',''),(94,2,29602443,'2022-04-02',''),(95,2,29602443,'2022-04-03',''),(96,5,29602443,'2022-04-04',''),(97,2,29602443,'2022-04-05',''),(98,2,29602443,'2022-04-06',''),(99,2,29602443,'2022-04-07',''),(100,2,29602443,'2022-04-08',''),(101,2,29602443,'2022-04-09',''),(102,2,29602443,'2022-04-10',''),(103,5,29602443,'2022-04-11',''),(104,2,29602443,'2022-04-12',''),(105,2,29602443,'2022-04-13',''),(106,2,29602443,'2022-04-14',''),(107,2,29602443,'2022-04-15',''),(108,2,29602443,'2022-04-16',''),(109,2,29602443,'2022-04-17',''),(110,5,29602443,'2022-04-18',''),(111,2,29602443,'2022-04-19',''),(112,2,29602443,'2022-04-20',''),(113,2,29602443,'2022-04-21',''),(114,2,29602443,'2022-04-22',''),(115,2,29602443,'2022-04-23',''),(116,2,29602443,'2022-04-24',''),(117,5,29602443,'2022-04-25',''),(118,3,29602443,'2022-04-26',''),(119,3,29602443,'2022-04-27',''),(120,3,29602443,'2022-04-28',''),(121,3,29602443,'2022-04-29',''),(122,3,29602443,'2022-04-30',''),(123,2,4401,'2022-03-01',''),(124,2,4401,'2022-03-02',''),(125,2,4401,'2022-03-03',''),(126,5,4401,'2022-03-04',''),(127,2,4401,'2022-03-05',''),(128,2,4401,'2022-03-06',''),(129,2,4401,'2022-03-07',''),(130,2,4401,'2022-03-08',''),(131,2,4401,'2022-03-09',''),(132,2,4401,'2022-03-10',''),(133,5,4401,'2022-03-11',''),(134,2,4401,'2022-03-12',''),(135,2,4401,'2022-03-13',''),(136,2,4401,'2022-03-14',''),(137,2,4401,'2022-03-15',''),(138,2,4401,'2022-03-16',''),(139,2,4401,'2022-03-17',''),(140,5,4401,'2022-03-18',''),(141,2,4401,'2022-03-19',''),(142,2,4401,'2022-03-20',''),(143,2,4401,'2022-03-21',''),(144,2,4401,'2022-03-22',''),(145,2,4401,'2022-03-23',''),(146,2,4401,'2022-03-24',''),(147,5,4401,'2022-03-25',''),(148,2,4401,'2022-03-26',''),(149,2,4401,'2022-03-27',''),(150,2,4401,'2022-03-28',''),(151,2,4401,'2022-03-29',''),(152,2,4401,'2022-03-30',''),(153,2,4401,'2022-03-31',''),(154,5,4401,'2022-04-01',''),(155,2,4401,'2022-04-02',''),(156,2,4401,'2022-04-03',''),(157,2,4401,'2022-04-04',''),(158,2,4401,'2022-04-05',''),(159,2,4401,'2022-04-06',''),(160,2,4401,'2022-04-07',''),(161,5,4401,'2022-04-08',''),(162,2,4401,'2022-04-09',''),(163,2,4401,'2022-04-10',''),(164,2,4401,'2022-04-11',''),(165,2,4401,'2022-04-12',''),(166,2,4401,'2022-04-13',''),(167,2,4401,'2022-04-14',''),(168,2,4401,'2022-04-15',''),(169,2,4401,'2022-04-16',''),(170,2,4401,'2022-04-17',''),(171,5,4401,'2022-04-18',''),(172,3,4401,'2022-04-19',''),(173,3,4401,'2022-04-20',''),(174,3,4401,'2022-04-21',''),(175,3,4401,'2022-04-22',''),(176,5,4401,'2022-04-23',''),(177,3,4401,'2022-04-24',''),(178,7,4401,'2022-04-25',''),(179,3,4401,'2022-04-26',''),(180,3,4401,'2022-04-27',''),(181,3,4401,'2022-04-28',''),(182,3,4401,'2022-04-29',''),(183,3,4401,'2022-04-30',''),(184,3,4630,'2022-03-01',''),(185,5,4630,'2022-03-02',''),(186,3,4630,'2022-03-03',''),(187,3,4630,'2022-03-04',''),(188,3,4630,'2022-03-05',''),(189,3,4630,'2022-03-06',''),(190,3,4630,'2022-03-07',''),(191,3,4630,'2022-03-08',''),(192,5,4630,'2022-03-09',''),(193,3,4630,'2022-03-10',''),(194,3,4630,'2022-03-11',''),(195,3,4630,'2022-03-12',''),(196,3,4630,'2022-03-13',''),(197,3,4630,'2022-03-14',''),(198,3,4630,'2022-03-15',''),(199,5,4630,'2022-03-16',''),(200,3,4630,'2022-03-17',''),(201,3,4630,'2022-03-18',''),(202,3,4630,'2022-03-19',''),(203,3,4630,'2022-03-20',''),(204,3,4630,'2022-03-21',''),(205,3,4630,'2022-03-22',''),(206,5,4630,'2022-03-23',''),(207,3,4630,'2022-03-24',''),(208,3,4630,'2022-03-25',''),(209,3,4630,'2022-03-26',''),(210,3,4630,'2022-03-27',''),(211,3,4630,'2022-03-28',''),(212,3,4630,'2022-03-29',''),(213,5,4630,'2022-03-30',''),(214,3,4630,'2022-03-31',''),(215,3,4630,'2022-04-01',''),(216,3,4630,'2022-04-02',''),(217,3,4630,'2022-04-03',''),(218,3,4630,'2022-04-04',''),(219,3,4630,'2022-04-05',''),(220,5,4630,'2022-04-06',''),(221,3,4630,'2022-04-07',''),(222,3,4630,'2022-04-08',''),(223,3,4630,'2022-04-09',''),(224,3,4630,'2022-04-10',''),(225,3,4630,'2022-04-11',''),(226,3,4630,'2022-04-12',''),(227,5,4630,'2022-04-13',''),(228,3,4630,'2022-04-14',''),(229,3,4630,'2022-04-15',''),(230,3,4630,'2022-04-16',''),(231,3,4630,'2022-04-17',''),(232,3,4630,'2022-04-18',''),(233,5,4630,'2022-04-19',''),(234,1,4630,'2022-04-20',''),(235,1,4630,'2022-04-21',''),(236,1,4630,'2022-04-22',''),(237,5,4630,'2022-04-23',''),(238,1,4630,'2022-04-24',''),(239,1,4630,'2022-04-25',''),(240,1,4630,'2022-04-26',''),(241,1,4630,'2022-04-27',''),(242,1,4630,'2022-04-28',''),(243,1,4630,'2022-04-29',''),(244,5,4630,'2022-04-30',''),(245,3,4626,'2022-03-01',''),(246,5,4626,'2022-03-02',''),(247,3,4626,'2022-03-03',''),(248,3,4626,'2022-03-04',''),(249,3,4626,'2022-03-05',''),(250,3,4626,'2022-03-06',''),(251,3,4626,'2022-03-07',''),(252,3,4626,'2022-03-08',''),(253,5,4626,'2022-03-09',''),(254,3,4626,'2022-03-10',''),(255,3,4626,'2022-03-11',''),(256,3,4626,'2022-03-12',''),(257,3,4626,'2022-03-13',''),(258,2,4626,'2022-03-14',''),(259,2,4626,'2022-03-15',''),(260,5,4626,'2022-03-16',''),(261,2,4626,'2022-03-17',''),(262,2,4626,'2022-03-18',''),(263,2,4626,'2022-03-19',''),(264,2,4626,'2022-03-20',''),(265,2,4626,'2022-03-21',''),(266,2,4626,'2022-03-22',''),(267,5,4626,'2022-03-23',''),(268,2,4626,'2022-03-24',''),(269,2,4626,'2022-03-25',''),(270,2,4626,'2022-03-26',''),(271,2,4626,'2022-03-27',''),(272,2,4626,'2022-03-28',''),(273,2,4626,'2022-03-29',''),(274,5,4626,'2022-03-30',''),(275,2,4626,'2022-03-31',''),(276,2,4626,'2022-04-01',''),(277,2,4626,'2022-04-02',''),(278,2,4626,'2022-04-03',''),(279,2,4626,'2022-04-04',''),(280,2,4626,'2022-04-05',''),(281,5,4626,'2022-04-06',''),(282,2,4626,'2022-04-07',''),(283,2,4626,'2022-04-08',''),(284,2,4626,'2022-04-09',''),(285,2,4626,'2022-04-10',''),(286,2,4626,'2022-04-11',''),(287,2,4626,'2022-04-12',''),(288,5,4626,'2022-04-13',''),(289,2,4626,'2022-04-14',''),(290,2,4626,'2022-04-15',''),(291,2,4626,'2022-04-16',''),(292,2,4626,'2022-04-17',''),(293,2,4626,'2022-04-18',''),(294,2,4626,'2022-04-19',''),(295,5,4626,'2022-04-20',''),(296,2,4626,'2022-04-21',''),(297,2,4626,'2022-04-22',''),(298,2,4626,'2022-04-23',''),(299,2,4626,'2022-04-24',''),(300,2,4626,'2022-04-25',''),(301,2,4626,'2022-04-26',''),(302,5,4626,'2022-04-27',''),(303,2,4626,'2022-04-28',''),(304,2,4626,'2022-04-29',''),(305,2,4626,'2022-04-30',''),(306,3,29601664,'2022-03-01',''),(307,3,29601664,'2022-03-02',''),(308,3,29601664,'2022-03-03',''),(309,3,29601664,'2022-03-04',''),(310,3,29601664,'2022-03-05',''),(311,3,29601664,'2022-03-06',''),(312,5,29601664,'2022-03-07',''),(313,3,29601664,'2022-03-08',''),(314,3,29601664,'2022-03-09',''),(315,3,29601664,'2022-03-10',''),(316,3,29601664,'2022-03-11',''),(317,3,29601664,'2022-03-12',''),(318,3,29601664,'2022-03-13',''),(319,5,29601664,'2022-03-14',''),(320,3,29601664,'2022-03-15',''),(321,3,29601664,'2022-03-16',''),(322,3,29601664,'2022-03-17',''),(323,5,29601664,'2022-03-18',''),(324,3,29601664,'2022-03-19',''),(325,3,29601664,'2022-03-20',''),(326,3,29601664,'2022-03-21',''),(327,3,29601664,'2022-03-22',''),(328,3,29601664,'2022-03-23',''),(329,3,29601664,'2022-03-24',''),(330,5,29601664,'2022-03-25',''),(331,3,29601664,'2022-03-26',''),(332,3,29601664,'2022-03-27',''),(333,3,29601664,'2022-03-28',''),(334,3,29601664,'2022-03-29',''),(335,3,29601664,'2022-03-30',''),(336,3,29601664,'2022-03-31',''),(337,3,29601664,'2022-04-01',''),(338,5,29601664,'2022-04-02',''),(339,2,29601664,'2022-04-03',''),(340,2,29601664,'2022-04-04',''),(341,2,29601664,'2022-04-05',''),(342,3,29601664,'2022-04-06',''),(343,3,29601664,'2022-04-07',''),(344,3,29601664,'2022-04-08',''),(345,5,29601664,'2022-04-09',''),(346,2,29601664,'2022-04-10',''),(347,2,29601664,'2022-04-11',''),(348,2,29601664,'2022-04-12',''),(349,2,29601664,'2022-04-13',''),(350,2,29601664,'2022-04-14',''),(351,2,29601664,'2022-04-15',''),(352,5,29601664,'2022-04-16',''),(353,2,29601664,'2022-04-17',''),(354,2,29601664,'2022-04-18',''),(355,2,29601664,'2022-04-19',''),(356,5,29601664,'2022-04-20',''),(357,8,29601664,'2022-04-21',''),(358,2,29601664,'2022-04-22',''),(359,7,29601664,'2022-04-23',''),(360,7,29601664,'2022-04-24',''),(361,7,29601664,'2022-04-25',''),(362,7,29601664,'2022-04-26',''),(363,7,29601664,'2022-04-27',''),(364,7,29601664,'2022-04-28',''),(365,7,29601664,'2022-04-29',''),(366,7,29601664,'2022-04-30',''),(367,2,4633,'2022-03-01',''),(368,2,4633,'2022-03-02',''),(369,2,4633,'2022-03-03',''),(370,5,4633,'2022-03-04',''),(371,2,4633,'2022-03-05',''),(372,2,4633,'2022-03-06',''),(373,2,4633,'2022-03-07',''),(374,2,4633,'2022-03-08',''),(375,2,4633,'2022-03-09',''),(376,2,4633,'2022-03-10',''),(377,5,4633,'2022-03-11',''),(378,2,4633,'2022-03-12',''),(379,2,4633,'2022-03-13',''),(380,2,4633,'2022-03-14',''),(381,2,4633,'2022-03-15',''),(382,2,4633,'2022-03-16',''),(383,2,4633,'2022-03-17',''),(384,5,4633,'2022-03-18',''),(385,3,4633,'2022-03-19',''),(386,3,4633,'2022-03-20',''),(387,3,4633,'2022-03-21',''),(388,3,4633,'2022-03-22',''),(389,3,4633,'2022-03-23',''),(390,3,4633,'2022-03-24',''),(391,5,4633,'2022-03-25',''),(392,3,4633,'2022-03-26',''),(393,3,4633,'2022-03-27',''),(394,3,4633,'2022-03-28',''),(395,3,4633,'2022-03-29',''),(396,3,4633,'2022-03-30',''),(397,3,4633,'2022-03-31',''),(398,5,4633,'2022-04-01',''),(399,3,4633,'2022-04-02',''),(400,3,4633,'2022-04-03',''),(401,3,4633,'2022-04-04',''),(402,3,4633,'2022-04-05',''),(403,3,4633,'2022-04-06',''),(404,3,4633,'2022-04-07',''),(405,5,4633,'2022-04-08',''),(406,3,4633,'2022-04-09',''),(407,3,4633,'2022-04-10',''),(408,3,4633,'2022-04-11',''),(409,3,4633,'2022-04-12',''),(410,3,4633,'2022-04-13',''),(411,3,4633,'2022-04-14',''),(412,5,4633,'2022-04-15',''),(413,2,4633,'2022-04-16',''),(414,2,4633,'2022-04-17',''),(415,2,4633,'2022-04-18',''),(416,2,4633,'2022-04-19',''),(417,2,4633,'2022-04-20',''),(418,2,4633,'2022-04-21',''),(419,5,4633,'2022-04-22',''),(420,2,4633,'2022-04-23',''),(421,2,4633,'2022-04-24',''),(422,2,4633,'2022-04-25',''),(423,2,4633,'2022-04-26',''),(424,2,4633,'2022-04-27',''),(425,2,4633,'2022-04-28',''),(426,5,4633,'2022-04-29',''),(427,2,4633,'2022-04-30',''),(428,1,4500,'2022-03-01',''),(429,1,4500,'2022-03-02',''),(430,1,4500,'2022-03-03',''),(431,1,4500,'2022-03-04',''),(432,5,4500,'2022-03-05',''),(433,7,4500,'2022-03-06',''),(434,7,4500,'2022-03-07',''),(435,7,4500,'2022-03-08',''),(436,7,4500,'2022-03-09',''),(437,7,4500,'2022-03-10',''),(438,7,4500,'2022-03-11',''),(439,1,4500,'2022-03-12',''),(440,1,4500,'2022-03-13',''),(441,1,4500,'2022-03-14',''),(442,1,4500,'2022-03-15',''),(443,1,4500,'2022-03-16',''),(444,5,4500,'2022-03-17',''),(445,3,4500,'2022-03-18',''),(446,3,4500,'2022-03-19',''),(447,3,4500,'2022-03-20',''),(448,3,4500,'2022-03-21',''),(449,3,4500,'2022-03-22',''),(450,3,4500,'2022-03-23',''),(451,5,4500,'2022-03-24',''),(452,3,4500,'2022-03-25',''),(453,3,4500,'2022-03-26',''),(454,3,4500,'2022-03-27',''),(455,3,4500,'2022-03-28',''),(456,3,4500,'2022-03-29',''),(457,3,4500,'2022-03-30',''),(458,5,4500,'2022-03-31',''),(459,3,4500,'2022-04-01',''),(460,3,4500,'2022-04-02',''),(461,3,4500,'2022-04-03',''),(462,3,4500,'2022-04-04',''),(463,3,4500,'2022-04-05',''),(464,3,4500,'2022-04-06',''),(465,5,4500,'2022-04-07',''),(466,3,4500,'2022-04-08',''),(467,3,4500,'2022-04-09',''),(468,3,4500,'2022-04-10',''),(469,3,4500,'2022-04-11',''),(470,3,4500,'2022-04-12',''),(471,3,4500,'2022-04-13',''),(472,3,4500,'2022-04-14',''),(473,3,4500,'2022-04-15',''),(474,3,4500,'2022-04-16',''),(475,5,4500,'2022-04-17',''),(476,3,4500,'2022-04-18',''),(477,3,4500,'2022-04-19',''),(478,3,4500,'2022-04-20',''),(479,3,4500,'2022-04-21',''),(480,3,4500,'2022-04-22',''),(481,3,4500,'2022-04-23',''),(482,5,4500,'2022-04-24',''),(483,2,4500,'2022-04-25',''),(484,2,4500,'2022-04-26',''),(485,5,4500,'2022-04-27',''),(486,2,4500,'2022-04-28',''),(487,2,4500,'2022-04-29',''),(488,2,4500,'2022-04-30',''),(489,5,4629,'2022-03-01',''),(490,3,4629,'2022-03-02',''),(491,3,4629,'2022-03-03',''),(492,3,4629,'2022-03-04',''),(493,3,4629,'2022-03-05',''),(494,3,4629,'2022-03-06',''),(495,3,4629,'2022-03-07',''),(496,5,4629,'2022-03-08',''),(497,3,4629,'2022-03-09',''),(498,3,4629,'2022-03-10',''),(499,3,4629,'2022-03-11',''),(500,3,4629,'2022-03-12',''),(501,3,4629,'2022-03-13',''),(502,3,4629,'2022-03-14',''),(503,5,4629,'2022-03-15',''),(504,2,4629,'2022-03-16',''),(505,2,4629,'2022-03-17',''),(506,2,4629,'2022-03-18',''),(507,2,4629,'2022-03-19',''),(508,2,4629,'2022-03-20',''),(509,2,4629,'2022-03-21',''),(510,5,4629,'2022-03-22',''),(511,2,4629,'2022-03-23',''),(512,2,4629,'2022-03-24',''),(513,2,4629,'2022-03-25',''),(514,2,4629,'2022-03-26',''),(515,2,4629,'2022-03-27',''),(516,2,4629,'2022-03-28',''),(517,2,4629,'2022-03-29',''),(518,5,4629,'2022-03-30',''),(519,2,4629,'2022-03-31',''),(520,2,4629,'2022-04-01',''),(521,2,4629,'2022-04-02',''),(522,2,4629,'2022-04-03',''),(523,2,4629,'2022-04-04',''),(524,2,4629,'2022-04-05',''),(525,5,4629,'2022-04-06',''),(526,2,4629,'2022-04-07',''),(527,2,4629,'2022-04-08',''),(528,2,4629,'2022-04-09',''),(529,2,4629,'2022-04-10',''),(530,2,4629,'2022-04-11',''),(531,2,4629,'2022-04-12',''),(532,5,4629,'2022-04-13',''),(533,3,4629,'2022-04-14',''),(534,3,4629,'2022-04-15',''),(535,3,4629,'2022-04-16',''),(536,3,4629,'2022-04-17',''),(537,3,4629,'2022-04-18',''),(538,3,4629,'2022-04-19',''),(539,5,4629,'2022-04-20',''),(540,3,4629,'2022-04-21',''),(541,3,4629,'2022-04-22',''),(542,3,4629,'2022-04-23',''),(543,3,4629,'2022-04-24',''),(544,3,4629,'2022-04-25',''),(545,3,4629,'2022-04-26',''),(546,5,4629,'2022-04-27',''),(547,3,4629,'2022-04-28',''),(548,3,4629,'2022-04-29',''),(549,3,4629,'2022-04-30',''),(550,2,29104098,'2022-03-01',''),(551,2,29104098,'2022-03-02',''),(552,5,29104098,'2022-03-03',''),(553,2,29104098,'2022-03-04',''),(554,2,29104098,'2022-03-05',''),(555,2,29104098,'2022-03-06',''),(556,2,29104098,'2022-03-07',''),(557,2,29104098,'2022-03-08',''),(558,2,29104098,'2022-03-09',''),(559,5,29104098,'2022-03-10',''),(560,2,29104098,'2022-03-11',''),(561,2,29104098,'2022-03-12',''),(562,2,29104098,'2022-03-13',''),(563,2,29104098,'2022-03-14',''),(564,2,29104098,'2022-03-15',''),(565,2,29104098,'2022-03-16',''),(566,5,29104098,'2022-03-17',''),(567,3,29104098,'2022-03-18',''),(568,2,29104098,'2022-03-19',''),(569,1,29104098,'2022-03-20',''),(570,5,29104098,'2022-03-21',''),(571,5,29104098,'2022-03-22',''),(572,2,29104098,'2022-03-23',''),(573,2,29104098,'2022-03-24',''),(574,2,29104098,'2022-03-25',''),(575,2,29104098,'2022-03-26',''),(576,2,29104098,'2022-03-27',''),(577,2,29104098,'2022-03-28',''),(578,2,29104098,'2022-03-29',''),(579,2,29104098,'2022-03-30',''),(580,5,29104098,'2022-03-31',''),(581,7,29104098,'2022-04-01',''),(582,7,29104098,'2022-04-02',''),(583,7,29104098,'2022-04-03',''),(584,7,29104098,'2022-04-04',''),(585,7,29104098,'2022-04-05',''),(586,2,29104098,'2022-04-06',''),(587,5,29104098,'2022-04-07',''),(588,2,29104098,'2022-04-08',''),(589,2,29104098,'2022-04-09',''),(590,2,29104098,'2022-04-10',''),(591,2,29104098,'2022-04-11',''),(592,2,29104098,'2022-04-12',''),(593,5,29104098,'2022-04-13',''),(594,2,29104098,'2022-04-14',''),(595,2,29104098,'2022-04-15',''),(596,2,29104098,'2022-04-16',''),(597,2,29104098,'2022-04-17',''),(598,2,29104098,'2022-04-18',''),(599,2,29104098,'2022-04-19',''),(600,2,29104098,'2022-04-20',''),(601,2,29104098,'2022-04-21',''),(602,2,29104098,'2022-04-22',''),(603,5,29104098,'2022-04-23',''),(604,2,29104098,'2022-04-24',''),(605,2,29104098,'2022-04-25',''),(606,2,29104098,'2022-04-26',''),(607,2,29104098,'2022-04-27',''),(608,2,29104098,'2022-04-28',''),(609,2,29104098,'2022-04-29',''),(610,5,29104098,'2022-04-30',''),(611,3,4530,'2022-03-01',''),(612,3,4530,'2022-03-02',''),(613,3,4530,'2022-03-03',''),(614,5,4530,'2022-03-04',''),(615,3,4530,'2022-03-05',''),(616,3,4530,'2022-03-06',''),(617,3,4530,'2022-03-07',''),(618,3,4530,'2022-03-08',''),(619,3,4530,'2022-03-09',''),(620,3,4530,'2022-03-10',''),(621,5,4530,'2022-03-11',''),(622,3,4530,'2022-03-12',''),(623,3,4530,'2022-03-13',''),(624,3,4530,'2022-03-14',''),(625,3,4530,'2022-03-15',''),(626,3,4530,'2022-03-16',''),(627,3,4530,'2022-03-17',''),(628,5,4530,'2022-03-18',''),(629,3,4530,'2022-03-19',''),(630,3,4530,'2022-03-20',''),(631,3,4530,'2022-03-21',''),(632,3,4530,'2022-03-22',''),(633,3,4530,'2022-03-23',''),(634,3,4530,'2022-03-24',''),(635,5,4530,'2022-03-25',''),(636,3,4530,'2022-03-26',''),(637,3,4530,'2022-03-27',''),(638,3,4530,'2022-03-28',''),(639,3,4530,'2022-03-29',''),(640,3,4530,'2022-03-30',''),(641,3,4530,'2022-03-31',''),(642,5,4530,'2022-04-01',''),(643,3,4530,'2022-04-02',''),(644,3,4530,'2022-04-03',''),(645,3,4530,'2022-04-04',''),(646,3,4530,'2022-04-05',''),(647,3,4530,'2022-04-06',''),(648,3,4530,'2022-04-07',''),(649,5,4530,'2022-04-08',''),(650,3,4530,'2022-04-09',''),(651,3,4530,'2022-04-10',''),(652,3,4530,'2022-04-11',''),(653,3,4530,'2022-04-12',''),(654,3,4530,'2022-04-13',''),(655,3,4530,'2022-04-14',''),(656,5,4530,'2022-04-15',''),(657,3,4530,'2022-04-16',''),(658,3,4530,'2022-04-17',''),(659,3,4530,'2022-04-18',''),(660,3,4530,'2022-04-19',''),(661,3,4530,'2022-04-20',''),(662,3,4530,'2022-04-21',''),(663,5,4530,'2022-04-22',''),(664,3,4530,'2022-04-23',''),(665,3,4530,'2022-04-24',''),(666,3,4530,'2022-04-25',''),(667,3,4530,'2022-04-26',''),(668,3,4530,'2022-04-27',''),(669,3,4530,'2022-04-28',''),(670,5,4530,'2022-04-29',''),(671,3,4530,'2022-04-30',''),(672,3,4627,'2022-03-01',''),(673,3,4627,'2022-03-02',''),(674,5,4627,'2022-03-03',''),(675,3,4627,'2022-03-04',''),(676,3,4627,'2022-03-05',''),(677,3,4627,'2022-03-06',''),(678,3,4627,'2022-03-07',''),(679,3,4627,'2022-03-08',''),(680,3,4627,'2022-03-09',''),(681,5,4627,'2022-03-10',''),(682,3,4627,'2022-03-11',''),(683,3,4627,'2022-03-12',''),(684,3,4627,'2022-03-13',''),(685,3,4627,'2022-03-14',''),(686,3,4627,'2022-03-15',''),(687,3,4627,'2022-03-16',''),(688,5,4627,'2022-03-17',''),(689,3,4627,'2022-03-18',''),(690,3,4627,'2022-03-19',''),(691,3,4627,'2022-03-20',''),(692,3,4627,'2022-03-21',''),(693,3,4627,'2022-03-22',''),(694,3,4627,'2022-03-23',''),(695,3,4627,'2022-03-24',''),(696,3,4627,'2022-03-25',''),(697,3,4627,'2022-03-26',''),(698,3,4627,'2022-03-27',''),(699,5,4627,'2022-03-28',''),(700,3,4627,'2022-03-29',''),(701,3,4627,'2022-03-30',''),(702,3,4627,'2022-03-31',''),(703,3,4627,'2022-04-01',''),(704,3,4627,'2022-04-02',''),(705,3,4627,'2022-04-03',''),(706,5,4627,'2022-04-04',''),(707,3,4627,'2022-04-05',''),(708,3,4627,'2022-04-06',''),(709,3,4627,'2022-04-07',''),(710,3,4627,'2022-04-08',''),(711,3,4627,'2022-04-09',''),(712,3,4627,'2022-04-10',''),(713,5,4627,'2022-04-11',''),(714,3,4627,'2022-04-12',''),(715,3,4627,'2022-04-13',''),(716,3,4627,'2022-04-14',''),(717,3,4627,'2022-04-15',''),(718,3,4627,'2022-04-16',''),(719,3,4627,'2022-04-17',''),(720,5,4627,'2022-04-18',''),(721,3,4627,'2022-04-19',''),(722,3,4627,'2022-04-20',''),(723,3,4627,'2022-04-21',''),(724,3,4627,'2022-04-22',''),(725,3,4627,'2022-04-23',''),(726,3,4627,'2022-04-24',''),(727,5,4627,'2022-04-25',''),(728,3,4627,'2022-04-26',''),(729,3,4627,'2022-04-27',''),(730,3,4627,'2022-04-28',''),(731,3,4627,'2022-04-29',''),(732,3,4627,'2022-04-30',''),(733,2,4651,'2022-03-01',''),(734,5,4651,'2022-03-02',''),(735,2,4651,'2022-03-03',''),(736,2,4651,'2022-03-04',''),(737,2,4651,'2022-03-05',''),(738,2,4651,'2022-03-06',''),(739,2,4651,'2022-03-07',''),(740,2,4651,'2022-03-08',''),(741,5,4651,'2022-03-09',''),(742,3,4651,'2022-03-10',''),(743,3,4651,'2022-03-11',''),(744,3,4651,'2022-03-12',''),(745,3,4651,'2022-03-13',''),(746,3,4651,'2022-03-14',''),(747,3,4651,'2022-03-15',''),(748,5,4651,'2022-03-16',''),(749,3,4651,'2022-03-17',''),(750,3,4651,'2022-03-18',''),(751,3,4651,'2022-03-19',''),(752,3,4651,'2022-03-20',''),(753,3,4651,'2022-03-21',''),(754,3,4651,'2022-03-22',''),(755,5,4651,'2022-03-23',''),(756,3,4651,'2022-03-24',''),(757,3,4651,'2022-03-25',''),(758,3,4651,'2022-03-26',''),(759,3,4651,'2022-03-27',''),(760,3,4651,'2022-03-28',''),(761,3,4651,'2022-03-29',''),(762,5,4651,'2022-03-30',''),(763,3,4651,'2022-03-31',''),(764,3,4651,'2022-04-01',''),(765,3,4651,'2022-04-02',''),(766,3,4651,'2022-04-03',''),(767,3,4651,'2022-04-04',''),(768,3,4651,'2022-04-05',''),(769,5,4651,'2022-04-06',''),(770,3,4651,'2022-04-07',''),(771,3,4651,'2022-04-08',''),(772,3,4651,'2022-04-09',''),(773,3,4651,'2022-04-10',''),(774,3,4651,'2022-04-11',''),(775,3,4651,'2022-04-12',''),(776,5,4651,'2022-04-13',''),(777,3,4651,'2022-04-14',''),(778,3,4651,'2022-04-15',''),(779,3,4651,'2022-04-16',''),(780,3,4651,'2022-04-17',''),(781,3,4651,'2022-04-18',''),(782,3,4651,'2022-04-19',''),(783,5,4651,'2022-04-20',''),(784,3,4651,'2022-04-21',''),(785,3,4651,'2022-04-22',''),(786,3,4651,'2022-04-23',''),(787,3,4651,'2022-04-24',''),(788,3,4651,'2022-04-25',''),(789,3,4651,'2022-04-26',''),(790,5,4651,'2022-04-27',''),(791,3,4651,'2022-04-28',''),(792,3,4651,'2022-04-29',''),(793,3,4651,'2022-04-30',''),(794,1,29105341,'2022-03-01',''),(795,1,29105341,'2022-03-02',''),(796,1,29105341,'2022-03-03',''),(797,1,29105341,'2022-03-04',''),(798,1,29105341,'2022-03-05',''),(799,5,29105341,'2022-03-06',''),(800,5,29105341,'2022-03-07',''),(801,3,29105341,'2022-03-08',''),(802,3,29105341,'2022-03-09',''),(803,2,29105341,'2022-03-10',''),(804,2,29105341,'2022-03-11',''),(805,2,29105341,'2022-03-12',''),(806,2,29105341,'2022-03-13',''),(807,2,29105341,'2022-03-14',''),(808,2,29105341,'2022-03-15',''),(809,2,29105341,'2022-03-16',''),(810,2,29105341,'2022-03-17',''),(811,2,29105341,'2022-03-18',''),(812,2,29105341,'2022-03-19',''),(813,5,29105341,'2022-03-20',''),(814,2,29105341,'2022-03-21',''),(815,2,29105341,'2022-03-22',''),(816,5,29105341,'2022-03-23',''),(817,2,29105341,'2022-03-24',''),(818,2,29105341,'2022-03-25',''),(819,2,29105341,'2022-03-26',''),(820,2,29105341,'2022-03-27',''),(821,2,29105341,'2022-03-28',''),(822,2,29105341,'2022-03-29',''),(823,5,29105341,'2022-03-30',''),(824,2,29105341,'2022-03-31',''),(825,2,29105341,'2022-04-01',''),(826,2,29105341,'2022-04-02',''),(827,2,29105341,'2022-04-03',''),(828,2,29105341,'2022-04-04',''),(829,2,29105341,'2022-04-05',''),(830,5,29105341,'2022-04-06',''),(831,2,29105341,'2022-04-07',''),(832,2,29105341,'2022-04-08',''),(833,2,29105341,'2022-04-09',''),(834,2,29105341,'2022-04-10',''),(835,2,29105341,'2022-04-11',''),(836,5,29105341,'2022-04-12',''),(837,2,29105341,'2022-04-13',''),(838,3,29105341,'2022-04-14',''),(839,3,29105341,'2022-04-15',''),(840,1,29105341,'2022-04-16',''),(841,1,29105341,'2022-04-17',''),(842,5,29105341,'2022-04-18',''),(843,5,29105341,'2022-04-19',''),(844,2,29105341,'2022-04-20',''),(845,2,29105341,'2022-04-21',''),(846,2,29105341,'2022-04-22',''),(847,1,29105341,'2022-04-23',''),(848,1,29105341,'2022-04-24',''),(849,5,29105341,'2022-04-25',''),(850,5,29105341,'2022-04-26',''),(851,2,29105341,'2022-04-27',''),(852,2,29105341,'2022-04-28',''),(853,2,29105341,'2022-04-29',''),(854,1,29105341,'2022-04-30',''),(855,5,4628,'2022-03-01',''),(856,3,4628,'2022-03-02',''),(857,3,4628,'2022-03-03',''),(858,3,4628,'2022-03-04',''),(859,3,4628,'2022-03-05',''),(860,3,4628,'2022-03-06',''),(861,3,4628,'2022-03-07',''),(862,5,4628,'2022-03-08',''),(863,3,4628,'2022-03-09',''),(864,3,4628,'2022-03-10',''),(865,3,4628,'2022-03-11',''),(866,3,4628,'2022-03-12',''),(867,3,4628,'2022-03-13',''),(868,3,4628,'2022-03-14',''),(869,5,4628,'2022-03-15',''),(870,3,4628,'2022-03-16',''),(871,3,4628,'2022-03-17',''),(872,3,4628,'2022-03-18',''),(873,3,4628,'2022-03-19',''),(874,3,4628,'2022-03-20',''),(875,3,4628,'2022-03-21',''),(876,5,4628,'2022-03-22',''),(877,3,4628,'2022-03-23',''),(878,3,4628,'2022-03-24',''),(879,3,4628,'2022-03-25',''),(880,3,4628,'2022-03-26',''),(881,3,4628,'2022-03-27',''),(882,3,4628,'2022-03-28',''),(883,5,4628,'2022-03-29',''),(884,3,4628,'2022-03-30',''),(885,3,4628,'2022-03-31',''),(886,3,4628,'2022-04-01',''),(887,3,4628,'2022-04-02',''),(888,3,4628,'2022-04-03',''),(889,3,4628,'2022-04-04',''),(890,5,4628,'2022-04-05',''),(891,3,4628,'2022-04-06',''),(892,3,4628,'2022-04-07',''),(893,3,4628,'2022-04-08',''),(894,3,4628,'2022-04-09',''),(895,3,4628,'2022-04-10',''),(896,3,4628,'2022-04-11',''),(897,3,4628,'2022-04-12',''),(898,5,4628,'2022-04-13',''),(899,2,4628,'2022-04-14',''),(900,2,4628,'2022-04-15',''),(901,2,4628,'2022-04-16',''),(902,2,4628,'2022-04-17',''),(903,5,4628,'2022-04-18',''),(904,2,4628,'2022-04-19',''),(905,2,4628,'2022-04-20',''),(906,2,4628,'2022-04-21',''),(907,2,4628,'2022-04-22',''),(908,5,4628,'2022-04-23',''),(909,2,4628,'2022-04-24',''),(910,2,4628,'2022-04-25',''),(911,2,4628,'2022-04-26',''),(912,2,4628,'2022-04-27',''),(913,2,4628,'2022-04-28',''),(914,2,4628,'2022-04-29',''),(915,5,4628,'2022-04-30','');
/*!40000 ALTER TABLE `tbl_horarios` ENABLE KEYS */;
UNLOCK TABLES;

--
-- Table structure for table `tbl_novedades`
--

DROP TABLE IF EXISTS `tbl_novedades`;
/*!40101 SET @saved_cs_client     = @@character_set_client */;
/*!50503 SET character_set_client = utf8mb4 */;
CREATE TABLE `tbl_novedades` (
  `id_tbl_nov` bigint unsigned NOT NULL AUTO_INCREMENT,
  `id_novedad` tinyint unsigned NOT NULL,
  `legajo` int NOT NULL,
  `fecha` date NOT NULL,
  `detalle` varchar(150) DEFAULT NULL,
  UNIQUE KEY `id_tbl_nov` (`id_tbl_nov`),
  UNIQUE KEY `id_novedad` (`id_novedad`),
  KEY `fk_legajo_nov` (`legajo`),
  CONSTRAINT `fk_legajo_nov` FOREIGN KEY (`legajo`) REFERENCES `tbl_personal` (`legajo`),
  CONSTRAINT `fk_novedad` FOREIGN KEY (`id_novedad`) REFERENCES `lst_novedades` (`id_novedad`)
) ENGINE=InnoDB AUTO_INCREMENT=2 DEFAULT CHARSET=utf8mb4 COLLATE=utf8mb4_0900_ai_ci;
/*!40101 SET character_set_client = @saved_cs_client */;

--
-- Dumping data for table `tbl_novedades`
--

LOCK TABLES `tbl_novedades` WRITE;
/*!40000 ALTER TABLE `tbl_novedades` DISABLE KEYS */;
INSERT INTO `tbl_novedades` VALUES (1,6,4401,'2022-10-25','Exámen de biología');
/*!40000 ALTER TABLE `tbl_novedades` ENABLE KEYS */;
UNLOCK TABLES;

--
-- Table structure for table `tbl_personal`
--

DROP TABLE IF EXISTS `tbl_personal`;
/*!40101 SET @saved_cs_client     = @@character_set_client */;
/*!50503 SET character_set_client = utf8mb4 */;
CREATE TABLE `tbl_personal` (
  `id_personal` int NOT NULL AUTO_INCREMENT,
  `id_estado` tinyint unsigned NOT NULL,
  `legajo` int NOT NULL,
  `nombre` varchar(70) NOT NULL,
  `apellido` varchar(70) NOT NULL,
  `cuil` varchar(13) DEFAULT NULL,
  `genero` tinyint unsigned NOT NULL,
  `puesto` tinyint unsigned NOT NULL,
  `fecha_ingreso` date DEFAULT NULL,
  PRIMARY KEY (`id_personal`),
  UNIQUE KEY `legajo` (`legajo`),
  KEY `fk_estado` (`id_estado`),
  KEY `fk_genero` (`genero`),
  KEY `fk_puesto` (`puesto`),
  CONSTRAINT `fk_estado` FOREIGN KEY (`id_estado`) REFERENCES `lst_estados` (`id_estado`),
  CONSTRAINT `fk_genero` FOREIGN KEY (`genero`) REFERENCES `lst_generos` (`id_genero`),
  CONSTRAINT `fk_puesto` FOREIGN KEY (`puesto`) REFERENCES `lst_puestos` (`id_puesto`)
) ENGINE=InnoDB AUTO_INCREMENT=56 DEFAULT CHARSET=utf8mb4 COLLATE=utf8mb4_0900_ai_ci;
/*!40101 SET character_set_client = @saved_cs_client */;

--
-- Dumping data for table `tbl_personal`
--

LOCK TABLES `tbl_personal` WRITE;
/*!40000 ALTER TABLE `tbl_personal` DISABLE KEYS */;
INSERT INTO `tbl_personal` VALUES (1,1,29109259,'Matías','Maidana','20-34544058-6',1,1,'2011-02-02'),(2,1,29104098,'Lorena','Fleita','20-26801846-9',2,1,'2005-12-01'),(3,1,29108743,'Héctor','Liria','20-22351535-6',1,1,'2010-01-07'),(4,1,29602443,'Melisa','Fernández','20-35351569-2',2,1,'2016-02-15'),(5,1,29601664,'Elsa','Becerra','20-34534812-4',2,2,'2014-10-01'),(6,1,4500,'Sol','Rolóm','27-41246744-8',2,2,'2022-01-04'),(7,1,4629,'Soledad','Zelaya','27-36180401-0',2,2,'2022-02-07'),(8,1,4630,'Sabrina','García','27-43867018-7',2,2,'2022-02-07'),(9,1,4633,'Julieta','Carugno','27-40126812-5',2,2,'2022-02-07'),(10,1,4294,'Lourdes','Borda','20-40733439-7',2,2,'2021-09-13'),(11,1,4401,'Karen','Sosaya','27-39296396-6',2,2,'2021-11-08'),(12,1,4300,'Micaela G','Gadea','27-36931485-3',2,2,'2021-09-13'),(13,1,4626,'Jeanette','Morinigo Gómez','27-42589500-7',2,2,'2022-02-07'),(14,2,29604590,'Valeria','Rolón','20-29249710-6',2,4,'2018-10-12'),(15,1,29604136,'Hernan','Ponce','23-33556371-9',1,3,'2018-05-03'),(16,1,4530,'Micaela','Dos Santos','27-41690241-6',2,3,'2022-01-04'),(17,1,4094,'Oscar','Romero','23-28569088-9',1,3,'2021-03-09'),(18,1,29105341,'Romina','García','20-32553080-5',2,3,'2007-01-23'),(19,1,4531,'Noelia','Cejas','27-40851130-0',2,3,'2022-01-04'),(20,1,4503,'Dylan','Quintana','20-42196064-0',1,3,'2022-01-04'),(21,1,4502,'Florencia','Verdugo','27-35800456-9',2,3,'2022-01-04'),(22,1,4651,'Lucila','Balmaceda','27-41988099-5',2,3,'2022-02-07'),(23,1,4652,'Abigail','Ruiz','27-38089357-1',2,3,'2022-02-07'),(24,1,4627,'Ivanna','Costanzo','27-43241817-6',2,3,'2022-02-07'),(25,1,4628,'Macarena','Asensos','27-38130301-8',2,3,'2022-02-07'),(26,1,29101748,'Juan','Ledesma','20-18423839-0',1,3,'2000-11-09'),(27,1,4308,'Kevin','Del Rivero','20-44621069-7',1,3,'2021-09-17'),(28,1,4303,'Juan Manuel','Maldonado','20-33089554-4',1,3,'2021-09-13'),(29,1,29107902,'Gonzalo','Castro','20-32135859-5',1,3,'2009-09-19'),(30,3,29603025,'Claudio','Andrade','20-35431228-0',1,1,'2016-07-11'),(31,3,29603983,'Diego','Gómez Hecht','20-34754346-3',1,1,'2017-11-12'),(32,3,4631,'Agustina','Catarineu','27-41136655-9',2,2,'2022-02-07'),(33,3,4298,'Aldana F','Fernández','20-30097291-9',2,2,'2021-09-13'),(34,3,4296,'Melisa O.','Ortmann','20-39065185-7',2,2,'2021-09-13'),(35,3,4292,'Ignacio','Feliz','20-95399838-7',1,2,'2021-09-13'),(36,3,29602312,'Javier','Arce','23-39208545-9',1,3,'2005-05-10'),(37,3,29109504,'Pamela','Saravia','20-31296904-2',2,3,'2011-04-20'),(38,3,29603883,'Luciana','Gatti','20-35460147-9',2,3,'2017-06-11'),(39,3,4311,'Nahuel','Cagnolo','20-39209250-2',1,3,'2021-09-13'),(40,3,4305,'Elías','Novillo','20-30078048-3',1,3,'2021-09-13'),(41,3,3528,'Guido','Varela','20-42587179-0',1,3,'2019-11-04'),(42,3,29604586,'Jonatan','Benitez','20-32553080-5',1,3,'2018-10-12'),(43,3,4310,'Raúl','Mereles','20-28153661-4',1,3,'2021-09-13'),(44,4,29604848,'Braian','Loza','23-38674610-9',1,1,'2019-03-06'),(45,4,29604935,'Abiel','Cejas','20-40187626-0',1,2,'2019-09-02'),(46,4,4632,'Rodrigo','Guerreño','20-38403048-4',1,2,'2022-02-07'),(47,4,29110854,'Darío','Coria','20-35081319-6',1,3,'2012-09-11'),(48,4,4529,'Daiara','Pérez','27-42674043-0',2,3,'2022-01-04'),(49,4,4653,'Rodrigo Fabian','Vitale','20-40870800-2',1,3,'2022-02-11'),(55,1,444545,'Lorenzo','Gutierrez','20-44235078-6',1,1,'2022-09-21');
/*!40000 ALTER TABLE `tbl_personal` ENABLE KEYS */;
UNLOCK TABLES;
/*!40103 SET TIME_ZONE=@OLD_TIME_ZONE */;

/*!40101 SET SQL_MODE=@OLD_SQL_MODE */;
/*!40014 SET FOREIGN_KEY_CHECKS=@OLD_FOREIGN_KEY_CHECKS */;
/*!40014 SET UNIQUE_CHECKS=@OLD_UNIQUE_CHECKS */;
/*!40101 SET CHARACTER_SET_CLIENT=@OLD_CHARACTER_SET_CLIENT */;
/*!40101 SET CHARACTER_SET_RESULTS=@OLD_CHARACTER_SET_RESULTS */;
/*!40101 SET COLLATION_CONNECTION=@OLD_COLLATION_CONNECTION */;
/*!40111 SET SQL_NOTES=@OLD_SQL_NOTES */;

-- Dump completed on 2022-10-25 15:27:32
